merchant_category,count
WOMENS > LINGERIE > UNDERWEAR > BRAS,6264
CLOTHING > JEANS,4564
LINGERIE > UNDERWEAR > COLLECTION,3691
CLOTHING > T SHIRTS,3564
CLOTHING > CHINOS,2742
CLOTHING > FLAT FRONT,2418
WOMENS > CLOTHING > THE EDIT TRS & OW,2027
WOMENS > CLOTHING > DENIM & CASUAL BTM,1988
CLOTHING > SINGLE BREASTED,1607
CLOTHING > T SHIRT BRA,1483
CLOTHING > TROUSERS,1400
CLOTHING > JUMPERS,1377
CLOTHING > SHIRTS,1216
CLOTHING > POLO SHIRTS,1210
CLOTHING > JOGGERS,1195
CLOTHING > EASY IRON SHIRTS,1134
CLOTHING > VESTS,1120
CLOTHING > CHINO SHORTS,1077
CLOTHING > TOP & BOTTOM,1024
CLOTHING > DRESSES,1002
CLOTHING > SWEATSHIRTS,936
CLOTHING > BLOUSES,918
CLOTHING > CARDIGANS,911
CLOTHING > HIGH LEG KNICKERS,895
CLOTHING > SHORTS,846
CLOTHING > SWIMSUITS,819
CLOTHING > TRAINERS,812
CLOTHING > LEGGINGS,805
CLOTHING > HOODIES,713
CLOTHING > PLUNGE,676
CLOTHING > PYJAMA SETS,644
CLOTHING > FULL BRIEFS,636
CLOTHING > PUSH UP BRA,604
CLOTHING > SWIM SHORTS,533
CLOTHING > KNICKER SHORTS,528
CLOTHING > BODYSUITS,515
CLOTHING > LINEN SHORTS,506
CLOTHING > THONGS,481
CLOTHING > TOPS,478
CLOTHING > WAISTCOATS,477
CLOTHING > SHORT SLEEVE TOPS,473
CLOTHING > KNITTED POLO SHIRTS,472
CLOTHING > NON IRON SHIRTS,458
CLOTHING > WAISTED DRESS,457
CLOTHING > SHIFT DRESS,447
CLOTHING > CARGO TROUSERS,446
CLOTHING > BRAZILIAN KNICKERS,445
CLOTHING > PYJAMA BOTTOMS,403
CLOTHING > A LINE SKIRT,393
CLOTHING > CASUAL SHORTS,380
CLOTHING > LINEN SHIRTS,370
CLOTHING > DENIM SHORTS,367
CLOTHING > OXFORD SHIRTS,350
CLOTHING > SANDALS,328
CLOTHING > BIKINI KNICKERS,325
CLOTHING > LUXURY SHIRTS,322
CLOTHING > TRUNKS,317
CLOTHING > DENIM SKIRT,301
CLOTHING > LIGHTWEIGHT SHORTS,292
CLOTHING > JEGGING,288
CLOTHING > BLAZER,277
CLOTHING > LONG SLEEVE TOPS,268
CLOTHING > CARGO SHORTS,264
CLOTHING > PLEATED SKIRT,231
CLOTHING > PYJAMA SHORTS,222
CLOTHING > JACKETS,218
CLOTHING > DOUBLE BREASTED,214
CLOTHING > ROMPER,212
CLOTHING > PYJAMA TOPS,198
CLOTHING > HIGH LEG,198
CLOTHING > BRIEFS,197
WOMENS > CLOTHING > HOLIDAY,194
CLOTHING > SWING DRESS,192
CLOTHING > PINAFORES,192
CLOTHING > DUNGAREES,189
CLOTHING > TEA DRESS,186
CLOTHING > PRINTED SHIRTS,183
CLOTHING > COLUMN DRESS,177
CLOTHING > KNITTED VESTS,176
CLOTHING > OVERSHIRTS,175
CLOTHING > CYCLING SHORTS,174
CLOTHING > BALLET PUMPS,172
CLOTHING > THERMALS,171
CLOTHING > TIERED DRESS,168
CLOTHING > SLIPPERS,165
CLOTHING > DENIM JACKET,157
CLOTHING > T-SHIRT DRESS,148
CLOTHING > KNITTED TOPS,145
CLOTHING > VEST TOPS,143
CLOTHING > SLIP DRESS,140
CLOTHING > CARGOS,135
CLOTHING > KNICKERS,132
CLOTHING > JERSEY SHORTS,131
CLOTHING > SINGLE PLEAT,128
CLOTHING > BODY,125
CLOTHING > CROP TOP,122
CLOTHING > SWIM OUTFIT,121
CLOTHING > GILET,119
CLOTHING > BOMBER JACKETS,118
CLOTHING > BEACH DRESS,118
CLOTHING > DRESS SHIRTS,118
CLOTHING > DRESSING GOWNS,116
CLOTHING > CAMIS,115
HOME > RECTANGLE,115
CLOTHING > SLIP SKIRT,114
CLOTHING > BEACH SHIRT,112
CLOTHING > ANKLE SOCKS,110
CLOTHING > PLAYSUITS,108
CLOTHING > LOAFERS,104
CLOTHING > MIAMI KNICKERS,100
CLOTHING > BEACH TROUSER,100
CLOTHING > CULOTTES,99
CLOTHING > CHEMISE,98
CLOTHING > SCHOOL SOCKS,97
CLOTHING > SHEER TIGHTS,97
CLOTHING > SKORT,93
CLOTHING > SHAPING KNICKERS,93
CLOTHING > JUMPSUITS,93
CLOTHING > PARKA,90
CLOTHING > BOXERS,89
WOMENS > CLOTHING > PER UNA,89
CLOTHING > HIGH WAISTED,88
CLOTHING > HEELED SANDALS,86
CLOTHING > MULES,83
CLOTHING > TANKINIS,83
CLOTHING > PENCIL SKIRT,80
CLOTHING > WELLIES,80
CLOTHING > CHELSEA BOOTS,80
CLOTHING > SKIRTS,77
CLOTHING > TRENCH COATS,75
CLOTHING > RASH VESTS,74
CLOTHING > SPORT SOCKS,74
CLOTHING > SINGLE BREASTED 2 BUTTON,72
CLOTHING > CASUAL TIGHTS,71
CLOTHING > BANDEAU,70
CLOTHING > FLEECE JACKETS,69
CLOTHING > BIKINIS,68
CLOTHING > MAC,67
CLOTHING > NIGHTSHIRT,67
CLOTHING > PUMPS,66
CLOTHING > COOL & FRESHFEET SOCKS,64
CLOTHING > HARRINGTON JACKET,64
CLOTHING > BERMUDA SHORTS,64
CLOTHING > HIPSTERS,63
CLOTHING > SPORTS SHORTS,60
CLOTHING > SHIRT DRESS,58
CLOTHING > SHIRRED DRESS,56
CLOTHING > TRAINER LINERS,56
CLOTHING > WAIST SLIP,56
CLOTHING > BODYCON DRESS,55
Home > Cotton Rich Fitted Sheet,55
CLOTHING > SLINGBACKS,54
CLOTHING > FULL SLIP,54
CLOTHING > RUNNER TRAINERS,54
CLOTHING > SKATER DRESS,53
Home > The Ultimate Soft & Silky Multi-Depth Fitted Sheet,52
CLOTHING > RARA SKIRT,51
Home > Pure Linen Deep Fitted Sheet,51
HOME > TOWEL,50
CLOTHING > KNITTED DRESS,50
CLOTHING > BARDOT,50
CLOTHING > CAMISOLE,49
CLOTHING > FIT AND FLARE DRESS,49
Home > Cotton Rich Bedding Set,49
Home > The Ultimate Soft & Silky Flat Sheet,48
CLOTHING > PONCHOS,47
Home > Egyptian Cotton Sateen 400 Thread Count Flat Sheet,47
CLOTHING > TWIN PLEAT,47
CLOTHING > BABY SOCKS,46
Home > Cotton Rich Flat Sheet,46
Home > The Ultimate Soft & Silky Bedding Set,46
CLOTHING > UTILITY JACKET,45
Home > Egyptian Cotton Sateen 400 Thread Count Extra Deep Fitted Sheet,45
Clothing > Boys' Skinny Leg School Trousers (2-18 Yrs),44
CLOTHING > SCHOOL TIGHTS,42
WOMENS > CLOTHING > AUTOGRAPH,42
CLOTHING > SHACKETS,42
Clothing > 2pk Boys' Skinny Leg School Trousers (2-18 Yrs),41
CLOTHING > OUTFITS,39
Home > Egyptian Cotton Sateen 400 Thread Count Deep Fitted Sheet,39
WOMENS > LINGERIE > UNDERWEAR > SHAPE VEST THERMAL,39
Home > Washed Cotton Extra Deep Fitted Sheet,39
Home > Pure Cotton Sateen 400 Thread Count Bedding Set,39
CLOTHING > TRAINER SOCKS,38
CLOTHING > ROLL TOP,38
CLOTHING > DERBY SHOES,38
CLOTHING > TRIANGLE,37
CLOTHING > LONG JOHNS,37
Clothing > 2pk Boys' Slim Leg School Trousers (2-18 Yrs),37
CLOTHING > CORDS,36
CLOTHING > FRENCH KNICKERS,36
Home > Cotton Rich Deep Fitted Sheet,36
CLOTHING > CUPSOLE TRAINERS,36
CLOTHING > FLANNEL SHIRTS,35
WOMENS > ACCESSORIES > JEWELLERY,35
Clothing > Girls' Regular Leg Jersey School Trousers (2-16 Yrs),35
CLOTHING > TREKKERS,35
Clothing > Boys' Slim Leg Longer Length School Trousers (2-18 Yrs),35
CLOTHING > SLIPS,34
CLOTHING > MID CALF BOOTS,33
Clothing > 2pk Girls' Skinny Leg School Trousers (2-18 Yrs),33
Home > Cotton Rich Extra Deep Fitted Sheet,33
CLOTHING > SHORT JACKET,32
Clothing > Boys' Super Skinny Leg School Trousers (2-18 Yrs),32
Clothing > Girls' Super Skinny Leg Zip School Trousers (2-18 Yrs),32
Clothing > 2pk Girls' Slim Leg School Trousers (2-18 Yrs),32
CLOTHING > SUSPENDERS,31
Clothing > Boys' Slim Leg School Trousers (2-18 Yrs),31
Clothing > Girls' Slim Leg School Trousers (2-18 Yrs),31
CLOTHING > RUGBY TOPS,31
CLOTHING > GIFT SETS,30
Clothing > Girls' Super Skinny Leg School Trousers (2-18 Yrs),30
Clothing > Boys' Skinny Leg Longer Length School Trousers (2-18 Yrs),30
CLOTHING > ALL IN ONE,29
MENS > CLOTHING > SMART JACKETS & TROUSERS,29
CLOTHING > COLUMN SKIRT,29
CLOTHING > BARDOT DRESS,28
MENS > CLOTHING > TROUSERS,28
CLOTHING > PUFFER JACKET,28
CLOTHING > FLIP FLOPS,28
CLOTHING > NIGHTIES,27
CLOTHING > GILETS,27
Clothing > Girls' Regular Leg Stretch Trousers (2-18 Yrs),27
CLOTHING > FOOTBED SANDALS,26
CLOTHING > CIRCLE SKIRT,25
CLOTHING > HAWAIIAN SHIRTS,25
Home > Pure Brushed Cotton Flat Sheet,25
Clothing > Boys' Regular Leg School Trousers (2-16 Yrs),25
Home > Pure Brushed Cotton Fitted Sheet,25
CLOTHING > THERMAL SOCKS,24
Clothing > 2pk Boys' Regular Leg School Trousers (2-18 Yrs),24
CLOTHING > FASHION TIGHTS,23
CLOTHING > SUN HATS,23
CLOTHING > CORDUROY SHIRTS,23
Clothing > Boys' Super Skinny Longer Length School Trousers (2-18 Yrs),23
CLOTHING > HOODED TOWELS,22
CLOTHING > BIBS,22
CLOTHING > PRE-WALKER,21
Home > Pure Brushed Cotton Bedding Set,21
Clothing > 2pk Boys' Slim Leg Slim Waist School Trousers  (2-18 Yrs),21
CLOTHING > ANKLE STRAP,20
CLOTHING > BARDOT TOPS,20
CLOTHING > TIERED SKIRT,20
CLOTHING > CAPRI,20
CLOTHING > CAR COAT,20
CLOTHING > BOXER SHORTS,19
Clothing > 2pk Pure Cotton Trousers (6-16 Yrs),19
CLOTHING > TIES,18
WOMENS > CLOTHING > GOODMOVE,18
CLOTHING > SLIDERS,18
Clothing > 2pk Girls' Easy Dressing School Trousers (3-18 Yrs),18
CLOTHING > SHAPING SLIP,18
CLOTHING > ACTIVE SHORTS,18
Clothing > 2pk Girls' Regular Leg Slim Fit School Trousers (2-18 Yrs),17
CLOTHING > HATS,17
Home > Pure Cotton 300 Thread Count Bedding Set,17
CLOTHING > SHAPING TIGHTS,17
CLOTHING > PARACHUTES,17
Clothing > 2pk Boys' Regular Leg Plus Waist School Trousers (2-18 Yrs),17
CLOTHING > WINDBREAKER,16
CLOTHING > COURT SHOES,16
Clothing > Girls' Super Skinny Belted School Trousers (2-18 Yrs),16
Clothing > Boys' Skinny Leg Slim Waist School Trousers (2-18 Yrs),16
Clothing > Boys' Slim Leg Slim Waist School Trousers (2-18 Yrs),16
Home > Pure Brushed Cotton Deep Fitted Sheet,16
CLOTHING > TENNIS DRESS,16
Clothing > Girls' Skinny Leg Belted School Trousers (2-18 Yrs),16
Clothing > Mini Me Suit Trousers (6-16 Yrs),15
CLOTHING > THERMAL TIGHTS,15
Home > Egyptian Cotton Sateen 400 Thread Count Base Valance Sheet,15
CLOTHING > BANDEAU TOP,15
Home > Pure Cotton 300 Thread Count Flat Sheet,15
Clothing > 2pk Pure Cotton Ripstop Trousers (2-8 Yrs),15
CLOTHING > CAMISOLE SET,14
CLOTHING > ANORAK,14
CLOTHING > BASQUE,14
Home > Pure Cotton Geometric Check Towel,14
CLOTHING > MARY JANE SHOES,14
CLOTHING > SMART SOCKS,13
CLOTHING > COATS,13
CLOTHING > SKATER SKIRT,13
CLOTHING > GENTLE GRIP SOCKS,13
Clothing > Boys' Slim Leg Plus Waist School Trousers (2-18 Yrs),13
CLOTHING > PAPERBAG SHORTS,13
Clothing > Girls' Skinny Leg School Trousers (2-18 Yrs),12
Home > 500 Thread Count Pure Cotton Sateen Bedding Set,12
Home > 500TC Cotton Sateen Deep Fitted Sheet,12
CLOTHING > SOFT TOY,11
CLOTHING > OPAQUE TIGHTS,11
Home > Pure Cotton Spotty Jacquard Bedding Set,11
CLOTHING > SHOULDER,11
Home > Pure Cotton Muslin Deep Fitted Sheet,11
Home > Pure Cotton Elephant Palm Towel,11
CLOTHING > MOCCASIN SLIPPERS,11
Home > Pure Brushed Cotton Extra Deep Fitted Sheet,11
Home > 500TC Cotton Sateen Extra Deep Fitted Sheet,10
CLOTHING > RAINCOAT,10
Home > Cotton Blend Geometric Eyelet Curtains,10
CLOTHING > BROGUES,10
CLOTHING > SWIM TRUNKS,10
Clothing > 2pk Girls' Regular Leg Stain Resist Trousers (2-18 Yrs),10
Home > Pure Cotton Velvet Cushion,10
CLOTHING > RAIN JACKET,10
CLOTHING > KAFTANS,10
Home > Aida-Alouette Damask Sateen Bedding Set,10
Home > Pure Cotton Textured Cushion,10
Home > Pure Cotton 300 Thread Count Extra Deep Fitted Sheet,10
CLOTHING > SCHOOL SHOES,10
Home > Pure Cotton Geometric Semi Circle Towel,9
CLOTHING > QUILTED GILET,9
CLOTHING > SLEEVELESS,9
Home > Cotton with Linen Embroidered Bedspread,9
Clothing > Girls High Waist Skinny School Trousers (9-18 Yrs),9
Home > Pure Cotton Woven Floral Towel,9
Home > Pure Cotton Double Border Bedding Set,9
Home > Pure Cotton Modern Stripe Towel,8
Home > Pure Cotton Striped Bedding Set,8
CLOTHING > FOOTSIES,8
Home > Cotton Blend Non Iron Fitted Sheet,8
Home > Ultimate Anti Allergy Pure Cotton Deep Fitted Sheet,8
CLOTHING > UNDERWEAR SETS,8
CLOTHING > BANDEAU DRESS,8
Home > Pure Cotton Contrast Striped Waffle Bedding Set,8
Home > Trailing Cherry Blossom Embroidered Bedding Set,8
CLOTHING > SEAMLESS,8
Home > Ultimate Anti Allergy Pure Cotton Bedding Set,8
CLOTHING > SHAWL,7
CLOTHING > CAPS,7
Home > Pure Cotton Striped Towel,7
CLOTHING > SHORT,7
Home > Cotton Rich Ribbed Striped Bedding Set,7
Home > Pure Cotton Muslin Bedding Set,7
CLOTHING > FAUX FUR JACKETS,7
CLOTHING > PUDDLESUITS,7
CLOTHING > PUFFER COATS,6
CLOTHING > KNITTED JACKET,6
Home > Pure Cotton Leaves Towel,6
Home > Sateen Panel Bedding Set,6
CLOTHING > KNEE HIGH SOCKS,6
CLOTHING > MUSLIN SQUARES,6
CLOTHING > SPORTS ACCESSORIES,6
Home > Cotton Rich Quilted Throw,6
Home > Pure Cotton Tamsin Trailing Blossom Bedding Set,6
CLOTHING > BEACH SKIRT,6
CLOTHING > CASUAL BELT,6
Home > Cotton Velvet Quilted Bedspread,6
Clothing > Pure Cotton Jersey Lined Parachute Trousers (2-8 Yrs),6
CLOTHING > TUTU SKIRT,6
Home > Quilted Scallop Bedspread,6
Home > Pure Cotton Gauze Cherry Blossom Bedspread,6
Home > Pure Cotton Jacquard Striped Bedding Set,6
Home > Jacquard Striped Eyelet Curtains,5
Clothing > 2pc Knitted Heart Outfit (7lbs-1 Yrs),5
Home > Floral Pencil Pleat Blackout Curtains,5
CLOTHING > CLOGS,5
Clothing > Pure Cotton Knitted Striped Bibshort (7lbs-12 Mths),5
CLOTHING > CROSS BODY BAG,5
CLOTHING > CARPENTER TROUSERS,5
Home > Boucle Pencil Pleat Curtains,5
CLOTHING > TOP AND BOTTOM SET,5
Clothing > 2pc Whale Knitted Outfit (7lbs-1 Yrs),5
Home > Diamond Geometric Eyelet Curtains,5
Clothing > 5pk Cool & Fresh™ Assorted Pattern Hipsters,5
CLOTHING > LOUNGEWEAR SETS,5
Home > Watercolour Floral Pencil Pleat Curtains,5
Home > Cotton Blend Festive Dog Bedding Set,4
Home > Kanbina Dobby Jacquard Pure Cotton Bedding Set,4
Home > Cotton Blend Exquisite Earth Bedding Set,4
CLOTHING > ROBE,4
Home > Pure Cotton Tufted Stripe Bedding Set,4
CLOTHING > OVERCOAT,4
Home > Pure Cotton Adelie Floral Bedding Set,4
CLOTHING > BOOTIES,4
Home > Pure Cotton Kouya Jacquard Bedding Set,4
Clothing > 4pc Cotton Rich Whale Starter Set (7lbs-9 Mths),4
Home > Pure Cotton Striped Dobby Bedding Set,4
Home > Cotton Blend Animal Print Bedding Set,4
CLOTHING > HAIR CLIPS,4
CLOTHING > COMFORTER,4
Home > Pure Cotton Textured Tasselled Cushion,4
Home > Cotton Blend Floral Pencil Pleat Curtains,4
Home > Pure Cotton Gingham Bedding Set,4
CLOTHING > BEACH BAG,4
Home > Sateen Wild Meadow Grey Bedding Set,4
Home > Pure Cotton Magnolia Bloom Bedding Set,4
Home > Cotton Blend Floral Bedding Set,4
Home > Pure Cotton Exquisite Earth Check Bedding Set,4
Home > Pure Cotton Spring Floral Bedding Set,4
CLOTHING > TAILORED COAT,4
Home > Pure Cotton Palm Gauze Jacquard Bedding Set,4
Home > Pure Cotton Trailing Cherry Blossom Bedding Set,4
Home > Pure Cotton Sateen Solene Painted Blooms Bedding Set,4
Clothing > 2pk Boys' Easy Dressing School Trousers (3-18 Yrs),4
Home > Pure Cotton Exquisite Earth Bedding Set,4
Home > Pure Cotton Kimyou Jacquard Bedding Set,4
Home > Sateen Wild Meadow Pink Bedding Set,4
Home > Pure Cotton Velvet Fringed Cushion,4
Home > Pure Cotton Kiso Bedding Set,4
Home > Pure Cotton Boho Paradise Tropical Bedding Set,4
Home > Pure Cotton Acapulco Merida Bedding Set,4
Home > Pure Cotton Ikat Geometric Bedspread,4
Home > Pure Cotton Sateen Camelia Bloom Bedding Set,4
Home > Pure Cotton Striped Bath Mat,4
Home > Pure Cotton Sateen Emilie Enchanted Bedding Set,4
CLOTHING > PRAMSUITS,4
CLOTHING > LIGHTWEIGHT JACKET,4
CLOTHING > EVERYDAY SOCKS,3
Home > Baretta Stitch Bedding Set,3
CLOTHING > KNITTED SHORTS,3
Home > Pure Brushed Cotton Nutcracker Bedding Set,3
CLOTHING > SARONG,3
CLOTHING > FLEECE TOPS,3
CLOTHING > MITTENS,3
CLOTHING > FAUX FUR COATS,3
Home > Pure Cotton Super Plush Ribbed Bath Towel,3
CLOTHING > BAGS,3
Home > Cotton Rich Base Valance,3
Home > Pure Cotton Velvet Bolster Cushion,3
Home > Pure Cotton Checked Bedding Set,3
Home > Linen Border Quilted Bedspread,3
Home > Pure Cotton Tufted Palm Bedding Set,3
Home > Cotton Blend Abstract Bedding Set,3
CLOTHING > CARGO SKIRT,3
Home > Pure Cotton Striped Quilted Bedspread,3
Home > Circle Star Cushion,3
Home > Pure Linen Cushion,3
Home > Cotton Rich Striped Bedding Set,3
Home > Pure Cotton 300 Thread Count Deep Fitted Sheet,3
Home > Alta Pure Cotton Bedding Set,2
Home > Velvet Cherry Blossom Embroidered Cushion,2
Home > Cotton with Linen Leaf & Striped Bolster Cushion,2
CLOTHING > LAPTOP BAG,2
Home > Pure Cotton Velvet Large Cushion,2
Home > Pure Brushed Cotton Spencer Bear™ Bedding Set,2
Home > Velvet Tasselled Cushion,2
CLOTHING > TOTE BAG,2
HOME > SQUARE,2
Home > Cotton Rich Striped Pencil Pleat Curtains,2
Home > Pure Cotton Geometric Bolster Cushion,2
CLOTHING > MULE SLIPPERS,2
Home > Velvet Geometric Cushion,2
Home > Pure Cotton Bolster Cushion,2
Home > Pure Brushed Cotton Winter Checked Bedding Set,2
Home > Pure Cotton Geometric Embroidered Cushion,2
Home > Pure Cotton French Ruffle Embroidery Bedding Set,2
Home > Faux Fur Cushion,2
Home > Pure Cotton Textured Bath Mat,2
CLOTHING > DENIM SHIRT,2
CLOTHING > BABY SETS,2
CLOTHING > WRAP DRESS,2
CLOTHING > BOWLER BAG,2
Home > Pure Cotton Woven Bolster Cushion,2
CLOTHING > GRAB BAG,2
CLOTHING > CASUAL SOCKS,2
Home > Band Cushion,2
Home > Linen Bolster Cushion,2
CLOTHING > BABYDOLL SET,2
CLOTHING > QUILTED JACKET,2
CLOTHING > ACCESSORIES,2
CLOTHING > CUFFLINKS,2
CLOTHING > SLIPPER SOCKS,2
CLOTHING > JUMPER DRESS,2
Home > Sea Life Pure Cotton Bedding Set,2
Home > Pure Cotton Classic Floral Bedspread,2
Home > Linen Blend Floral Embroidered Bolster Cushion,2
Home > Velvet Scallop Cushion,2
CLOTHING > PEACOAT,2
Home > Linen Blend Striped Cushion,2
Home > Band Bolster Cushion,2
Home > Cotton Blend Geometric Quick Dry Bath Mat,2
Home > Pure Cotton Suzani Bedding Set,2
Home > Cotton Blend Geometric Woven Cushion,2
CLOTHING > BOW TIE,2
Home > Pure Cotton Swirl Embroidered Cushion,2
Home > Cheetah Lyocell Rich Bedding Set,2
Home > Set of 2 Bird Print Outdoor Cushions,2
Home > Bamboo Cotton 300 Thread Count Flat Sheet,2
Home > Planets Pure Cotton Bedding Set,1
Home > Percy Pig™ Fleece Bedding Set,1
CLOTHING > BEANIE,1
Home > 3pk Glass Union Jack Baubles,1
Home > T471012U,1
Home > Santa Rope Pet Toy,1
Home > Glass Trainer Hanging Decoration,1
Home > Sandia Pure Cotton Bolster Cushion,1
Home > Ridged Glass Small Lantern,1
Home > Kimyou Cotton Rich Bolster Cushion,1
Home > 12 Days of Christmas Glass Baubles,1
Home > 12pk Mercury Glass Mini Baubles,1
Home > Box Applique Square Cushion,1
CLOTHING > BIKER JACKET,1
Home > Pure Cotton Large Embroidered Scallop Cushion,1
Home > Cut Square Cushion,1
Home > Natural Stone Effect Soap Dispenser,1
Home > Glass Jewelled Ice Cream Hanging Decoration,1
Home > 10pk Oversized Baubles,1
Home > Santa Snow Globe,1
Home > Spencer Bear™ Hanging Decoration,1
Home > Pure Cotton Fan Jacquard Cushion,1
Home > Robin & Candy Cane Room Decoration,1
Home > Velvet Embroidered Bolster Cushion,1
Home > Pure Cotton Embroidered Cushion,1
Home > Cotton Rich Large Swirl Bedding Set,1
Home > Ceramic Glazed Toilet Brush,1
Home > Nutcracker Advent Decoration,1
Home > Pure Cotton Flamingo Beach Towel,1
Home > Pure Cotton Striped Embroidered Cushion,1
Home > Ribbed Resin Soap Dispenser,1
Home > Natural Stone Effect Toilet Brush Holder,1
CLOTHING > WINTER HATS,1
Home > Faux Mohair Checked Throw,1
Home > Velvet Floral Tasselled Cushion,1
CLOTHING > SLEEPSUITS,1
Home > Cotton Rich Geometric Bedding Set,1
Home > Ribbed Resin Soap Dish,1
Home > Pure Cotton Floral Embroidered Cushion,1
Home > Striped Dad Slogan Mug,1
Home > Glass Stiletto Hanging Decoration,1
Home > Sleigh & Tree Hanging Decoration,1
Home > Pure Cotton Floral Ruffle Bedding Set,1
Home > 3pk Glass Hanging Cocktail Baubles,1
Home > Glass Dinosaur Hanging Decoration,1
CLOTHING > NOVELTY SOCKS,1
Home > Ribbed Toilet Brush,1
Home > Wooded Nutcracker Hanging Decoration,1
Home > Red Felt Embroidered Star Tree Topper,1
Home > Ceramic Glazed Soap Dish,1
Home > Bristle Fox Hanging Decoration,1
Home > Glass Party Leopard Hanging Decoration,1
Home > Square Applique Cushion,1
Home > Felt Reindeer Hanging Decoration,1
CLOTHING > SCARVES,1
CLOTHING > SHAWLS,1
Home > Pure Cotton Printed Bolster Cushion,1
CLOTHING > SMOCK DRESS,1
Home > Pure Cotton Lemon Print Beach Towel,1
Home > Cotton with Linen Embroidered Cushion,1
Home > Pure Cotton Block Print Bolster Cushion,1
Home > Pure Cotton Frill Striped Bolster Cushion,1
CLOTHING > PIN TIE,1
Home > Sierra Pure Cotton Embroidered Bedding Set,1
Home > Pure Cotton Clover Print Bedding Set,1
CLOTHING > GRANDAD SHIRT,1
Home > Percy Pig™ Pure Cotton Bedding Set,1
Home > Kiso Cotton Rich Loop Stitch Bolster Cushion,1
Home > Natural Stone Effect Tumbler,1
CLOTHING > SHOE BOOTS,1
Home > Glitter Snowflake Tree Topper,1
Home > Glass Welly Hanging Decoration,1
Home > Beaded Christmas Jumper Hanging Decoration,1
Home > 3pk Glass Candy Hanging Decorations,1
Home > Natural Stone Effect Toothbrush Holder,1
Home > Hanging Cascading Stars Decoration,1
Home > Star Ridged Glass Pillar Candle Holder,1
Home > Chenille Leopard Print Cushion,1
Home > Felt Mother Claus Hanging Decoration,1
Home > Ceramic Glazed Tumbler,1
Home > Pure Cotton Pineapple Beach Towel,1
Home > Pure Cotton Cherry Checked Beach Towel,1
Home > Pure Cotton Boucle Bolster Cushion,1
CLOTHING > HANDKERCHIEF,1
Home > Velvet Floral Cushion,1
Home > Border Throw,1
Home > Wool Blend Textured Bolster Cushion,1
Home > Felt Elf Hanging Decoration,1
Home > Ribbed Resin Toothbrush Holder,1
Home > Christmas Wipe Clean Tablecloth,1
Home > Pure Cotton Slogan Beach Towel,1
Clothing > 2pk Pure Cotton Ripstop Trousers (6-16 Yrs),1
Home > Green Glass Hanging Avocado Bauble,1
Home > Pure Cotton Alta Embroidered Cushion,1
Home > Set of 2 Scallop Outdoor Cushions,1
Home > Set of 2 Modern Striped Outdoor Cushions,1
Home > Felt Robin Hanging Decoration,1
Home > Sprouts Pet Toy,1
Home > Pure Cotton Striped Bolster Cushion,1
Home > Borg Fleece Warmth Pocket Bolster Cushion,1
Home > Jaipur Bandhani Cotton Rich Bolster Cushion,1
CLOTHING > JERSEY SHIRTS,1
Home > Cotton Rich Checked Bolster Cushion,1
Home > Velvet Patchwork Bedspread,1
Home > Pure Cotton Floral Bolster Cushion,1
Home > Cotton Rich Floral Gingham Bedding Set,1
Home > Pure Cotton Kouya Embroidered Cushion,1
Home > Velvet Floral Ruffle Trim Cushion,1
Home > Velvet Ruffle Trim Bolster Cushion,1
Home > Pure Cotton Watermelon Beach Towel,1
CLOTHING > CLUTCH BAG,1
Home > Cotton Blend Elephant Bath Mat,1
Home > 4pk Gold Moon & Stars Hanging Decorations,1
Home > Cotton Blend Striped Quick Dry Bath Mat,1
Home > Velvet Bird Embellished Cushion,1
CLOTHING > ANKLE BOOTS,1
Home > Felt Skating Dog Hanging Decoration,1
CLOTHING > UTILITY TROUSERS,1
Home > Pure Cotton Boho Large Throw,1
Home > Ceramic Glazed Toothbrush Holder,1
Home > Bristle Fox Room Decoration,1
Home > Glass Aeroplane Hanging Decoration,1
Home > Set of 4 Ceramic Striped Napkin Rings,1
Home > 3pk Multicoloured Glass Floral Baubles,1
Home > Felt Father Christmas Hanging Decoration,1
Home > Wool Blend Geometric Cushion,1
Home > Linen Border Large Quilted Cushion,1
Home > Natural Stone Effect Soap Dish,1
Home > Cotton Rich Striped Frill Cushion,1
CLOTHING > AVIATOR JACKET,1
Home > Pure Cotton Palm Beach Towel,1
Home > Ceramic Glazed Soap Dispenser,1
Home > Pure Cotton Wave Crab Beach Towel,1
Home > Pure Cotton Geometric Jacquard Bedding Set,1
CLOTHING > AMBASSADOR,1
Home > Pure Cotton Splish Splash Tassel Bath Mat,1
Home > Pure Cotton Grid Embroidered Bolster Cushion,1
Home > Glass Tractor Hanging Decoration,1
CLOTHING > BIFOLD,1
Home > Pure Cotton Damask Bath Mat,1
CLOTHING > ESPADRILLES,1
CLOTHING > KNEE HIGHS,1
